Action,GS1CompanyPrefix,GTIN,PackagingLevel,Description,Desc1Language,BrandName,Brand1Language,Status,Industry,IsVariable,IsPurchasable,SKU,Certified,Height,Width,Depth,DimensionMeasure,GrossWeight,NetWeight,WeightMeasure,Comments,ChildGTINs,Quantity,SubBrandName,ProductDescriptionShort,LabelDescription,NetContent1Count,NetContent1UnitOfMeasure,NetContent2Count,NetContent2UnitOfMeasure,NetContent3Count,NetContent3UnitOfMeasure,BrandName2,Brand2Language,Description2,Desc2Language,GPCBrick,GPCAttribute:GPCAttributeValue,ImageURL,TargetMarkets
Create,850092300,850092300003,Each,Big C's Fishing Co. Braided Fishing Line Grey 0.8# 100m,en,Big C's Fishing Co.,en,In Use,General,N,Y,BC-BRAID-0.8-GRY,,,,,,,,,,,,,,,,,,,,,,,,,99999999,,,US
Create,850092300,850092300010,Each,Big C's Fishing Co. Braided Fishing Line Multicolored 0.8# 100m,en,Big C's Fishing Co.,en,In Use,General,N,Y,BC-BRAID-0.8-MLT,,,,,,,,,,,,,,,,,,,,,,,,,99999999,,,US
Create,850092300,850092300027,Each,Big C's Fishing Co. Nylon Monofilament Fishing Line 8# 100m,en,Big C's Fishing Co.,en,In Use,General,N,Y,BC-MONO-8-100,,,,,,,,,,,,,,,,,,,,,,,,,99999999,,,US
Create,850092300,850092300034,Each,Big C's Fishing Co. Bottle Opener Keychain Color A 90mm,en,Big C's Fishing Co.,en,In Use,General,N,Y,BC-BOTTLE-A,,,,,,,,,,,,,,,,,,,,,,,,,99999999,,,US
Create,850092300,850092300041,Each,Big C's Fishing Co. Bottle Opener Keychain Color B 90mm,en,Big C's Fishing Co.,en,In Use,General,N,Y,BC-BOTTLE-B,,,,,,,,,,,,,,,,,,,,,,,,,99999999,,,US
Create,850092300,850092300058,Each,Big C's Fishing Co. Bottle Opener Keychain Color C 90mm,en,Big C's Fishing Co.,en,In Use,General,N,Y,BC-BOTTLE-C,,,,,,,,,,,,,,,,,,,,,,,,,99999999,,,US
Create,850092300,850092300065,Each,Big C's Fishing Co. Bottle Opener Keychain Color D 90mm,en,Big C's Fishing Co.,en,In Use,General,N,Y,BC-BOTTLE-D,,,,,,,,,,,,,,,,,,,,,,,,,99999999,,,US
Create,850092300,850092300072,Each,Big C's Fishing Co. Bottle Opener Keychain Color E 90mm,en,Big C's Fishing Co.,en,In Use,General,N,Y,BC-BOTTLE-E,,,,,,,,,,,,,,,,,,,,,,,,,99999999,,,US
Create,850092300,850092300089,Each,Big C's Fishing Co. Neoprene Rod Strap Blue 250mm,en,Big C's Fishing Co.,en,In Use,General,N,Y,BC-RODSTRAP-BLU,,,,,,,,,,,,,,,,,,,,,,,,,99999999,,,US
Create,850092300,850092300096,Each,Big C's Fishing Co. Neoprene Rod Strap Red 250mm,en,Big C's Fishing Co.,en,In Use,General,N,Y,BC-RODSTRAP-RED,,,,,,,,,,,,,,,,,,,,,,,,,99999999,,,US
Create,850092300,850092300102,Each,Big C's Fishing Co. Neoprene Rod Strap Orange 250mm,en,Big C's Fishing Co.,en,In Use,General,N,Y,BC-RODSTRAP-ORN,,,,,,,,,,,,,,,,,,,,,,,,,99999999,,,US
Create,850092300,850092300119,Each,Big C's Fishing Co. Neoprene Rod Strap Black 250mm,en,Big C's Fishing Co.,en,In Use,General,N,Y,BC-RODSTRAP-BLK,,,,,,,,,,,,,,,,,,,,,,,,,99999999,,,US
Create,850092300,850092300126,Each,Big C's Fishing Co. Neoprene Rod Strap Camo Blue 250mm,en,Big C's Fishing Co.,en,In Use,General,N,Y,BC-RODSTRAP-CAM,,,,,,,,,,,,,,,,,,,,,,,,,99999999,,,US
Create,850092300,850092300133,Each,Big C's Fishing Co. Crankbait Keychain Set 3pcs,en,Big C's Fishing Co.,en,In Use,General,N,Y,BC-CRANK-3PC,,,,,,,,,,,,,,,,,,,,,,,,,99999999,,,US
Create,850092300,850092300140,Each,Big C's Fishing Co. Spoon Spinner Lure Set 10pcs,en,Big C's Fishing Co.,en,In Use,General,N,Y,BC-SPOON-10PC,,,,,,,,,,,,,,,,,,,,,,,,,99999999,,,US
Create,850092300,850092300157,Each,Big C's Fishing Co. Pencil Lure Blue Silver 53mm,en,Big C's Fishing Co.,en,In Use,General,N,Y,BC-PENCIL-BLU,,,,,,,,,,,,,,,,,,,,,,,,,99999999,,,US
Create,850092300,850092300164,Each,Big C's Fishing Co. Pencil Lure Black Silver 53mm,en,Big C's Fishing Co.,en,In Use,General,N,Y,BC-PENCIL-BLK,,,,,,,,,,,,,,,,,,,,,,,,,99999999,,,US
Create,850092300,850092300171,Each,Big C's Fishing Co. Pencil Lure Gold Green 53mm,en,Big C's Fishing Co.,en,In Use,General,N,Y,BC-PENCIL-GLD,,,,,,,,,,,,,,,,,,,,,,,,,99999999,,,US
Create,850092300,850092300188,Each,Big C's Fishing Co. Fishing Knot Guide Card Waterproof,en,Big C's Fishing Co.,en,In Use,General,N,Y,BC-KNOT-CARD,,,,,,,,,,,,,,,,,,,,,,,,,99999999,,,US
