Keyword,Tag/Campaign
braided fishing line,Braided Line
4 strand braid,Braided Line
pe braided line,Braided Line
braided line grey,Braided Line
saltwater fishing line braid,Braided Line
zero stretch fishing line,Braided Line
abrasion resistant braid,Braided Line
powerpro alternative,Braided Line
monofilament fishing line,Mono Line
8lb mono line,Mono Line
clear fishing line,Mono Line
low memory monofilament,Mono Line
nylon fishing line,Mono Line
smooth casting line,Mono Line
berkley trilene alternative,Mono Line
fishing gifts for men,Gifts/Keychains
fisherman gifts,Gifts/Keychains
fishing keychain,Gifts/Keychains
lure keychain,Gifts/Keychains
crankbait keychain,Gifts/Keychains
bottle opener keychain,Gifts/Keychains
fishing lure bottle opener,Gifts/Keychains
fishing stocking stuffer,Gifts/Keychains
gifts for anglers,Gifts/Keychains
fishing lures kit,Spoon Spinner
trout lures,Spoon Spinner
spoon lures for fishing,Spoon Spinner
spinner baits,Spoon Spinner
10 pack fishing lures,Spoon Spinner
casting spoons,Spoon Spinner
multispecies lure set,Spoon Spinner
fishing rod accessories,Rod Straps
rod straps,Rod Straps
rod ties,Rod Straps
rod wraps,Rod Straps
hook keeper,Rod Straps
rod transport,Rod Straps
neoprene rod straps,Rod Straps
topwater fishing lures,Pencil Lure
pencil lure,Pencil Lure
walking bait,Pencil Lure
walk the dog lure,Pencil Lure
surface lures bass,Pencil Lure
finesse topwater lure,Pencil Lure
fishing knot guide,Knot Card
waterproof knot card,Knot Card
fishing accessories,Knot Card
tackle box reference,Knot Card
beginner fishing gear,Knot Card
how to tie fishing knots,Knot Card
